{
	"name": "ernies-modern-layout",
	"title": "Ernie's Modern UI BETA",
	"description": "A visual update for Foundry VTT UI.",
	"version": "0.3.2",
	"author": "Ernie",
	"authors": [
		{
			"name": "Ernie",
			"email": "teafortwo.ea@gmail.com",
			"url": "https://github.com/ernieayala"
		}
	],
	"styles": ["./css/emu.css"],
	"esmodules": ["./js/emu.js"],
	"languages": [
		{
			"lang": "en",
			"name": "English",
			"path": "lang/en.json"
		},
		{
			"lang": "es",
			"name": "Español",
			"path": "lang/es.json"
		}
	],
	"minimumCoreVersion": "0.8.6",
	"compatibleCoreVersion": "0.8.6",
	"url": "https://github.com/ernieayala/ernies-modern-layout",
	"manifest": "https://raw.githubusercontent.com/ernieayala/ernies-modern-layout/scratch/0.3.2/module.json",
	"download": "https://github.com/ernieayala/ernies-modern-layout/blob/scratch/0.3.2/release/ernies-modern-layout-beta-0.3.2.zip",
	"license": "MIT",
	"readme": "https://github.com/ernieayala/ernies-modern-layout",
	"bugs": "https://github.com/ernieayala/ernies-modern-layout/issues",
	"changelog": "https://github.com/ernieayala/ernies-modern-layout/releases"
}
