{
	"name": "ernies-modern-layout",
	"title": "Ernie's Modern UI",
	"description": "A visual update for Foundry VTT UI.",
	"version": "0.1.6",
	"author": "Ernie",
	"authors": [
		{
			"name": "",
			"email": "",
			"url": ""
		}
	],
	"system": "dnd5e",
	"styles": ["./css/eml.css"],
	"esmodules": ["./js/eml.js"],
	"languages": [],
	"minimumCoreVersion": "0.6.4",
	"compatibleCoreVersion": "0.6.5",
	"url": "https://github.com/ernieayala/ernies-modern-layout",
	"manifest": "https://raw.githubusercontent.com/ernieayala/ernies-modern-layout/master/module.json",
	"download": "https://github.com/ernieayala/ernies-modern-layout/raw/master/release/ernies-modern-layout-0.1.6.zip",
	"license": "",
	"readme": "",
	"bugs": "",
	"changelog": ""
}
