{
  "title": "Ernie's Modern UI [Pre-Release]",
  "description": "A visual update for Foundry VTT UI.",
  "version": "0.5.8",
  "authors": [
    {
      "name": "Ernie",
      "email": "teafortwo.ea@gmail.com",
      "url": "https://github.com/ernieayala",
      "flags": {}
    }
  ],
  "styles": [
    "css/emu.css"
  ],
  "esmodules": [
    "js/emu.js"
  ],
  "languages": [
    {
      "lang": "en",
      "name": "English",
      "path": "lang/en.json",
      "flags": {}
    },
    {
      "lang": "es",
      "name": "Español",
      "path": "lang/es.json",
      "flags": {}
    },
    {
      "lang": "zh-tw",
      "name": "正體中文",
      "path": "lang/zh-tw.json",
      "flags": {}
    }
  ],
  "url": "https://github.com/ernieayala/ernies-modern-layout",
  "manifest": "https://raw.githubusercontent.com/ernieayala/ernies-modern-layout/master/prerelease/module.json",
  "download": "https://raw.githubusercontent.com/ernieayala/ernies-modern-layout/master/prerelease/ernies-modern-layout-prerelease.zip",
  "license": "MIT",
  "readme": "https://github.com/ernieayala/ernies-modern-layout",
  "bugs": "https://github.com/ernieayala/ernies-modern-layout/issues",
  "changelog": "https://github.com/ernieayala/ernies-modern-layout/releases",
  "id": "ernies-modern-layout",
  "compatibility": {
    "minimum": "10.286",
    "verified": "10.291"
  }
}
